[{
  "name": "小民",
  "exam": [
    {
      "subject": "國文",
       "score": 80
    },
    {
      "subject": "數學",
      "score": 90
    },
    {
      "subject": "英文",
      "score": 70
    }
  ]
},{
  "name": "小華",
  "exam": [
    {
      "subject": "國文",
      "score": 95
    },
    {
      "subject": "數學",
      "score": 84
    },
    {
      "subject": "英文",
      "score": 100
    }
  ]
},{
  "name": "大山",
  "exam": [
    {
      "subject": "國文",
      "score":72
    },
    {
      "subject": "數學",
      "score": 95
    },
    {
      "subject": "英文",
      "score": 26
    }
  ]
}
]