{
  "project_info": {
    "project_number": "184998165233",
    "firebase_url": "https://testfirebase20201121.firebaseio.com",
    "project_id": "testfirebase20201121",
    "storage_bucket": "testfirebase20201121.appspot.com"
  },
  "client": [
    {
      "client_info": {
        "mobilesdk_app_id": "1:184998165233:android:caa32e46c841e8eeb20750",
        "android_client_info": {
          "package_name": "tw.com.xvpower.firebaselogin"
        }
      },
      "oauth_client": [
        {
          "client_id": "184998165233-au2ojvhcblce30tp0u2upr09q059faol.apps.googleusercontent.com",
          "client_type": 3
        }
      ],
      "api_key": [
        {
          "current_key": "AIzaSyDTICR-j_t34B42OG6geZ8m_cyumtv5XV8"
        }
      ],
      "services": {
        "appinvite_service": {
          "other_platform_oauth_client": [
            {
              "client_id": "184998165233-au2ojvhcblce30tp0u2upr09q059faol.apps.googleusercontent.com",
              "client_type": 3
            }
          ]
        }
      }
    },
    {
      "client_info": {
        "mobilesdk_app_id": "1:184998165233:android:e98f0ec13184bc6db20750",
        "android_client_info": {
          "package_name": "tw.com.xvpower.firebasephotoproject"
        }
      },
      "oauth_client": [
        {
          "client_id": "184998165233-au2ojvhcblce30tp0u2upr09q059faol.apps.googleusercontent.com",
          "client_type": 3
        }
      ],
      "api_key": [
        {
          "current_key": "AIzaSyDTICR-j_t34B42OG6geZ8m_cyumtv5XV8"
        }
      ],
      "services": {
        "appinvite_service": {
          "other_platform_oauth_client": [
            {
              "client_id": "184998165233-au2ojvhcblce30tp0u2upr09q059faol.apps.googleusercontent.com",
              "client_type": 3
            }
          ]
        }
      }
    },
    {
      "client_info": {
        "mobilesdk_app_id": "1:184998165233:android:30446dae64a9478db20750",
        "android_client_info": {
          "package_name": "tw.com.xvpower.testfcm"
        }
      },
      "oauth_client": [
        {
          "client_id": "184998165233-au2ojvhcblce30tp0u2upr09q059faol.apps.googleusercontent.com",
          "client_type": 3
        }
      ],
      "api_key": [
        {
          "current_key": "AIzaSyDTICR-j_t34B42OG6geZ8m_cyumtv5XV8"
        }
      ],
      "services": {
        "appinvite_service": {
          "other_platform_oauth_client": [
            {
              "client_id": "184998165233-au2ojvhcblce30tp0u2upr09q059faol.apps.googleusercontent.com",
              "client_type": 3
            }
          ]
        }
      }
    }
  ],
  "configuration_version": "1"
}